Pipeline,Model,Train R2,Test R2,Test R2 Std,Test RMSE,Test MAE,Best Params
pipe4_target_encoding,RandomForest,0.8389260334422939,0.7658167213523265,0.0701500348305846,0.3509252698322529,0.169723293731257,"{'model__max_depth': 20, 'model__min_samples_leaf': 3, 'model__n_estimators': 200}"
catboost_pipe,CatBoost,0.8818740401312836,0.763858504208093,0.06953371707366371,0.3526419365315848,0.18033168704083524,"{'model__depth': 8, 'model__iterations': 800, 'model__l2_leaf_reg': 7, 'model__learning_rate': 0.05}"
pipe4_target_encoding,HistGB,0.8352173948669185,0.7548205983112295,0.06287422031434842,0.35975570123454087,0.18601384944619692,"{'model__learning_rate': 0.03, 'model__max_depth': 8, 'model__max_iter': 300}"
pipe1_no_scaling,RandomForest,0.8660890567554631,0.7532415258866842,0.07853881980880048,0.3599937988534999,0.1820632389634587,"{'model__max_depth': 20, 'model__min_samples_leaf': 3, 'model__n_estimators': 200}"
pipe1_no_scaling,XGBoost,0.8868366328937938,0.7482986155277442,0.06037023029019724,0.3640799881445466,0.19434973919449056,"{'model__learning_rate': 0.05, 'model__max_depth': 5, 'model__n_estimators': 300}"
pipe1_no_scaling,HistGB,0.8333075510915761,0.7442501790984101,0.06753324939521309,0.3672008315335312,0.19419677137387692,"{'model__learning_rate': 0.05, 'model__max_depth': 8, 'model__max_iter': 300}"
pipe4_target_encoding,XGBoost,0.8669248427689606,0.7280572572172261,0.06937806113767322,0.3782025679047095,0.1807717546234132,"{'model__learning_rate': 0.05, 'model__max_depth': 7, 'model__n_estimators': 300}"
