fit_time,score_time,test_accuracy,test_precision,test_recall,test_f1
0.3627808094024658,0.014601707458496094,0.8100558659217877,0.7777777777777778,0.7101449275362319,0.7424242424242424
0.22812986373901367,0.013794183731079102,0.8089887640449438,0.7931034482758621,0.6764705882352942,0.7301587301587301
0.2732574939727783,0.01539301872253418,0.8595505617977528,0.8412698412698413,0.7794117647058824,0.8091603053435115
0.2317638397216797,0.012991666793823242,0.8202247191011236,0.9090909090909091,0.5882352941176471,0.7142857142857143
0.25858378410339355,0.016938447952270508,0.8595505617977528,0.8548387096774194,0.7681159420289855,0.8091603053435115
